"","num.month","DELTA.MAE.idw3","DELTA.RMSE.idw3","DELTA.R2.idw3","DELTA.MAE.cubist","DELTA.RMSE.cubist","DELTA.R2.cubist","DELTA.MAE.ok","DELTA.RMSE.ok","DELTA.R2.ok","DELTA.MAE.ked","DELTA.RMSE.ked","DELTA.R2.ked","DELTA.MAE.rf","DELTA.RMSE.rf","DELTA.R2.rf","R2.RF.train","error.RF.train","num.kf"
"1",1,2.66671647496177,3.26641911865157,0.5435,0.54942098458608,0.660267423849101,0.9834,2.44098524027824,2.81396031387346,0.6367,0.625862983940064,0.814194063724835,0.9636,0.940249031944457,1.02956473338653,0.9641,0.856828807160717,2.86098780007141,1
"2",2,2.69612079632379,3.27377285450641,0.557,0.43054136912028,0.537483714665899,0.9835,2.70736027737308,3.187256925393,0.5712,1.06660444033673,1.42134413448932,0.8975,0.70307837500001,0.842415791078463,0.9661,0.798847384417408,4.28924045082486,1
"3",3,2.42853572910632,3.15225728152817,0.578,0.762955280939738,1.1367278479145,0.9438,2.58514228564551,2.91353671701693,0.6259,0.935584668657724,1.55708066821673,0.8837,1.25010943750001,1.79345673597523,0.8583,0.844688654121816,3.38714016641458,1
"4",4,2.75459540485467,3.2541520076669,0.5365,0.52648442586263,0.618299425082432,0.9835,2.32030095831753,2.77974326619951,0.636,0.591503701794867,0.859921189157786,0.9589,0.835828763888883,0.987321441187149,0.9597,0.812049019569828,3.93554513527827,1
"5",5,2.92536828202262,3.60588839490557,0.3926,0.817267049153646,1.05939030076835,0.9416,2.80185543683542,3.1845112260447,0.4873,0.980578483945375,1.67082381309197,0.8409,1.16088063888888,1.40626361798843,0.898,0.831542212284798,2.94344608526812,1
"6",6,2.62781436340271,3.24389690301223,0.4479,0.447403863271077,0.539860756567095,0.9862,2.51270450959229,2.95722522600122,0.5291,0.494283760120106,0.673416487393722,0.9775,0.777102041666665,0.911909772908007,0.97,0.870447783271867,2.15414055213998,1
"7",7,2.69277611800553,3.2469851236817,0.4676,0.453508310317993,0.538718438886832,0.9867,2.58387289521917,3.03610512921551,0.5388,0.524992476217296,0.699687529490638,0.9761,0.725752380138882,0.860977950551787,0.9751,0.850069858504149,2.66180786641443,1
"8",8,2.44469363612865,2.99578880422096,0.5215,0.593847948710124,0.785895324927399,0.9682,2.45291893649639,3.0666568120533,0.5408,0.848797885112876,1.07681838883758,0.9485,1.06455305555554,1.41069296298382,0.9003,0.809781484710437,3.25790453148108,1
"9",9,3.0180737178621,3.44538538496886,0.4509,0.48170152982076,0.596643283608385,0.9767,2.378508711945,2.77189896953022,0.5766,0.487046376223643,0.619166047674368,0.9789,0.745667527777776,0.886024773231134,0.9445,0.840400059159786,2.82598500459842,1
"10",10,2.68023788605303,3.30475605794548,0.4121,0.429463335673014,0.568153718886411,0.9874,2.48666500580348,2.99836502848571,0.5006,0.347170773723092,0.501727664625154,0.9872,0.896320069444438,1.08912616074509,0.9497,0.867943241427852,2.11428781072103,1
"11",11,2.70514622136837,3.34911827023525,0.4443,0.512737086613973,0.588401268677072,0.9897,2.55366065086097,2.99366375825367,0.5344,0.356235333587565,0.465363394684825,0.9868,0.890252583333329,0.985786361269279,0.9723,0.866760019347138,2.24306889391588,1
"12",12,2.84128415769171,3.36748342848078,0.4975,0.419906845092773,0.566521125733198,0.9813,2.48148380705798,2.91052836512551,0.5932,0.477150512563353,0.681344508854974,0.9742,0.69359231458333,0.847235175861899,0.964,0.862236282733001,2.62765554344379,1
"13",1,1.03140597452321,1.30323719552972,0.9132,0.758281103769939,1.24269321107348,0.9327,1.82556357071754,2.66339393229821,0.6872,0.60425508314293,1.04628394475361,0.9571,1.58214369814815,1.84852214957308,0.8058,0.884355896076839,2.29773410443826,2
"14",2,1.75271738976208,2.26532262509127,0.7838,1.19186610963609,1.62022313087945,0.8864,2.68070354466637,3.51931056090729,0.4659,1.5918280914603,2.45531070170444,0.7769,1.94605877777777,2.28404101623682,0.7315,0.833936441305654,3.48017084128939,2
"15",3,1.12014865822024,1.43431559323068,0.9083,0.884148686726888,1.42940273278861,0.9278,1.82444956638249,2.74332929978392,0.6907,0.781616528183397,1.27647869375772,0.9471,1.73839868148148,1.97337138667127,0.7924,0.855525348837308,3.11768957525805,2
"16",4,1.64708385863382,2.04396505690713,0.8646,1.28869561513265,1.84405024894365,0.891,2.21807088123314,2.80159601828748,0.6974,1.20637300532332,1.7398306347747,0.9196,2.38681742592592,2.78784103075327,0.7028,0.854703087660464,2.92654872150644,2
"17",5,0.992010079816501,1.24360650876202,0.9003,0.819171507093641,1.32876049166697,0.9187,1.5993249639184,2.23525413449905,0.7234,0.884814987682664,1.44587866293367,0.9154,1.40074111111112,1.58419263038272,0.7978,0.849008659593538,2.66924597436502,2
"18",6,1.07635327400977,1.30708256323786,0.8739,0.726424827575684,1.20598621504131,0.9203,1.60523536327316,2.34581848304328,0.657,0.75341138025562,1.11729784996666,0.921,1.19915577407408,1.34668967190571,0.8349,0.882342574827829,1.96477054320611,2
"19",7,0.994447022706036,1.31779132873841,0.8819,0.863367462158203,1.27165271329771,0.912,1.80209920037938,2.46193988807477,0.6617,0.914731190322195,1.42605297383654,0.8886,1.37892372148148,1.59371593674168,0.7947,0.880364951039139,2.11492716114834,2
"20",8,1.85828567945055,3.21706723855454,0.5845,2.35514084710015,4.05522862735374,0.3468,1.77893650095087,2.50945030417638,0.7802,2.15950658846634,3.81626368777121,0.4003,2.27186090740741,3.34245589496698,0.4597,0.876402830186065,2.07803489990132,2
"21",9,1.24517541094478,1.47022812606052,0.8583,0.975653143988715,1.67364617135767,0.8691,2.28074125194447,2.99209963152085,0.5532,0.958638623632787,1.64164687168516,0.875,1.41619624074075,1.72353778228962,0.766,0.861317627974365,2.47035448574753,2
"22",10,1.10623372422169,1.29049739260491,0.8678,0.82243337419298,1.24088384480912,0.9129,1.64386521619829,2.27819251970821,0.6492,0.758540460733371,1.10714202306281,0.9239,1.35445633333334,1.48260404653272,0.7964,0.880856433454659,1.92436243567434,2
"23",11,0.974783601450538,1.26415962876582,0.8888,0.87759518093533,1.28875004653405,0.91,1.65866560764499,2.30358607983767,0.6955,0.71575337938435,1.12466187285878,0.9248,1.34680633333332,1.56791951131639,0.7958,0.885736746615252,1.94423869864094,2
"24",12,1.0095343501131,1.29723305351652,0.9152,0.86654946009318,1.28852266106921,0.9259,1.89894275673496,2.65112110346862,0.6853,0.897955786132388,1.24415819628075,0.9402,1.38705124722224,1.59858223635672,0.8354,0.885281751190914,2.17536897010781,2
"25",1,1.30293940500622,1.6686786962304,0.8452,0.906143837483723,1.34032586225374,0.9014,1.42276489654849,1.86529845671851,0.8498,0.782912950602878,1.16153600644567,0.9148,1.08926311111111,1.39950058747326,0.9048,0.887606455882047,2.28790551780022,3
"26",2,1.45655981861448,1.73656345993528,0.8587,0.892279174804688,1.36529439286046,0.914,1.4964119975733,1.92037920611818,0.8652,0.891405521944321,1.23100016588116,0.9173,1.17058304444446,1.54004750002642,0.8984,0.838090918210776,3.47776635040436,3
"27",3,1.3770867077515,1.63285286817938,0.8657,0.803312713623048,1.22590398525197,0.9232,1.43137887946459,1.79044220506613,0.8756,0.670402236107999,0.919084095745222,0.9522,1.12188044000001,1.42830376519577,0.8938,0.859418057433818,3.11877638642096,3
"28",4,1.93379873339743,2.84984858012432,0.5636,1.42025835164388,2.6353238659128,0.6014,2.03905661462458,3.14684186941111,0.5233,1.3224127591506,2.39577559843912,0.6402,1.68986871111113,2.72724178454236,0.5775,0.867510769864666,2.8154292180938,3
"29",5,1.10625277059604,1.34846987873552,0.8668,0.741017781575521,1.08751008898379,0.9232,1.4541370128757,1.96986103788344,0.7855,0.580932571686806,0.923815434612634,0.9393,0.758740733333335,1.0017547057166,0.9416,0.855022205476682,2.61080068955565,3
"30",6,1.10514725358969,1.35045062804868,0.8639,0.716745880126953,1.1186832751838,0.9071,1.39080040176773,1.86325153418521,0.7963,0.697067611434235,1.04683073461283,0.8971,0.726760266666672,1.10884198474353,0.8987,0.886441329121927,1.92351024396202,3
"31",7,0.959279409327085,1.27853667593106,0.8898,0.746438939412435,1.15430410198264,0.903,1.1975101482833,1.8039957210853,0.8214,0.683283430642191,1.01850508034604,0.9372,0.845307015777765,1.21026757420792,0.9031,0.865606726018189,2.42528583221241,3
"32",8,0.944251090262913,1.27530163606906,0.8941,0.494899648030599,0.620312348266607,0.9842,1.4050729153972,2.16374254181212,0.7551,3.19050766486287,5.26757726122612,0.1577,0.666289177777786,0.74517631454379,0.9699,0.809906241668696,3.32815215386518,3
"33",9,1.78057736459318,2.54410403744211,0.7408,1.73757988484701,2.72670491414046,0.6895,1.96481095133618,2.73470975390338,0.6501,1.70390620764273,2.82684759224401,0.7042,1.72663295555554,2.65819700144273,0.7348,0.865787973822104,2.2516433492018,3
"34",10,1.03258432596005,1.29265527344648,0.8702,0.719147689819335,1.06611657477216,0.9115,1.3079183666868,1.92714261475344,0.7771,0.553963171212511,0.969219020102735,0.9099,0.648678488888904,0.963493023838812,0.9289,0.875870516020553,2.03360850090672,3
"35",11,1.1265121971844,1.41927060521324,0.8636,0.80063916015625,1.17480284355945,0.9092,1.41755360624867,1.98193569321326,0.7964,0.714327327087831,1.1118394159137,0.9031,0.701558977777766,1.0808829245001,0.9173,0.878506146467878,2.10320449296938,3
"36",12,1.3573517904005,1.6122267572641,0.8568,0.83276644897461,1.26684766857894,0.9043,1.43344882959738,1.96623520555888,0.8291,0.814010212038934,1.11816754719281,0.9142,0.962736863333325,1.26768790058455,0.9035,0.882386016775271,2.27616091829788,3
"37",1,1.64133947783072,2.07700509073606,0.6587,0.59533706665039,0.635767031674973,0.9725,1.45147119350069,1.8661658148109,0.6859,0.818037416724393,0.990635238867668,0.8966,0.613385552380948,0.727622237340137,0.953,0.867577313117647,2.76964900581258,4
"38",2,2.7212299006352,3.63571128335985,0.1313,1.72761738731748,3.34595413514243,0.313,2.30530633441074,3.41845538388271,0.3113,2.03792259746326,3.21974661491478,0.3458,1.60310107936509,2.59009513076509,0.496,0.859010435895195,3.10582024406122,4
"39",3,1.68569209152907,2.12956019692788,0.6978,0.857522394089471,0.984321096180827,0.9412,1.49533579920497,1.88185547003047,0.721,0.83608222722,0.975977054667344,0.9164,0.759524347619046,0.782211905283689,0.9516,0.843126735543824,3.54940762379409,4
"40",4,1.74667959381007,2.04098749010952,0.7222,0.963735518682571,1.00281057779375,0.9438,1.51667099158053,1.85528535984928,0.7652,1.09463411820232,1.22234311557786,0.9253,0.732171174603176,0.749645433370911,0.9486,0.82312345185384,3.8286760537806,4
"41",5,1.84285651747954,2.18231850029299,0.6203,0.622177298409598,0.695246418032958,0.9582,1.3248938513578,1.80128664710202,0.6263,0.71687828935223,0.821258199233395,0.9433,0.773925571428572,0.976559238942083,0.9264,0.827485658830812,3.11537840198442,4
"42",6,1.73835474547882,2.08371926303258,0.6054,0.683339440482003,0.747133853844834,0.9334,1.18417329935746,1.62620391089348,0.6446,0.655570087104417,0.811029750263767,0.9154,0.578775885714286,0.820648984297507,0.9329,0.865270578351556,2.30701859503993,4
"43",7,1.65208396299543,2.01350175630009,0.6461,0.564521517072405,0.651122674959025,0.9545,1.0912509414431,1.56631911739939,0.6783,0.58583546651205,0.755128253246458,0.93,0.627664405396844,0.855712899153933,0.9276,0.854437485980387,2.6553662273254,4
"44",8,1.43427842588854,1.88346971453871,0.6573,0.543982682001023,0.619758509902855,0.9599,1.25406119995893,1.67180227308223,0.6508,1.09219725081601,1.66610568719497,0.7587,0.413138111111111,0.473592113076075,0.9766,0.787358092326064,3.76559086294295,4
"45",9,1.60775300351213,2.04603432221107,0.5858,0.804483998616536,0.98250794184994,0.9285,1.19479853131312,1.6451059798078,0.6886,0.588348695456244,0.74849917459983,0.9444,0.446972428571442,0.492973335763647,0.9811,0.827853222493897,3.14997362676951,4
"46",10,1.64028907105809,2.09352933193695,0.5489,0.632744921729678,0.665425961685369,0.9407,1.02065615740279,1.52196755459572,0.6603,0.530877867389556,0.669908677866232,0.937,0.495949873015859,0.573916634030493,0.9648,0.8583928941496,2.34900127470248,4
"47",11,1.80956503665109,2.19475647842807,0.588,0.643235121227446,0.678280338078167,0.9506,1.25933891718539,1.7613651722533,0.6075,0.697804725152387,0.872950026486068,0.9123,0.69580963492064,0.881343644610304,0.9312,0.870668207994979,2.2608999985631,4
"48",12,1.84048591979571,2.22285715831176,0.6363,0.559129823957171,0.609006232011647,0.9666,1.57084244661157,1.87401684307217,0.6705,0.974853400202319,1.07034610495211,0.8789,0.732723290476179,0.964443670199204,0.919,0.872660497536995,2.5085476351386,4
"49",1,2.29464847243018,2.76492168964392,0.1455,0.524060869216919,0.727149546218237,0.915,1.17601268916104,1.47426872659684,0.6887,0.793091045636199,0.981596831595639,0.8624,1.17012485138889,1.43295726522508,0.7253,0.880810213019318,2.47878601502086,5
"50",2,2.46564547056363,2.98564978989336,0.1481,0.534071534474691,0.833500972188584,0.9068,1.31210956383677,1.6884992217648,0.657,1.35336342994334,2.09776440925432,0.4631,1.25369693055555,1.60220915424699,0.7594,0.82131759847942,3.88358214644264,5
"51",3,2.42623719866108,2.94236998798605,0.1284,0.540843884150187,0.809888890004818,0.9117,1.21701512654582,1.52082499105889,0.6997,0.718788101321844,0.901679091242392,0.8818,1.38738594027777,1.65312336970655,0.662,0.855851699591355,3.24475319040983,5
"52",4,2.47820710705579,2.94051185705315,0.0884,0.531240854263306,0.81326558291889,0.8936,1.41159145997934,1.62976643712128,0.6623,0.8635631124204,1.01601930306629,0.8313,1.31410190277782,1.53680670534673,0.628,0.843567488646289,3.39872305440774,5
"53",5,2.11676694508147,2.50268632781169,0.1235,0.59587293624878,0.801192262813117,0.8557,1.14586909167134,1.31606869608322,0.6977,0.531311496830058,0.688867688008144,0.8856,1.08526072222224,1.20686947195867,0.7153,0.841876973299266,2.88366720592622,5
"54",6,1.86730605168549,2.28066096751097,0.2222,0.264856278101604,0.313612401537605,0.9759,1.05253567863205,1.20069140602132,0.7813,0.387291365962472,0.440869657288954,0.9513,0.737756005555559,0.947659370803903,0.8331,0.864496825004762,2.340341565357,5
"55",7,1.94667222952805,2.35366073131343,0.1688,0.334175675710042,0.385393023043663,0.9643,1.164250010028,1.35802518788162,0.707,0.508685323917754,0.539420781408671,0.9279,0.872046641527788,1.03349328455926,0.7507,0.874377662306209,2.31351544064886,5
"56",8,1.87127407763617,2.22026498467541,0.1886,0.256199814478556,0.375319816898282,0.9612,1.02143598961424,1.14067963327455,0.7652,0.722471885512146,0.971985427053851,0.7712,0.775389013888897,0.902524327062852,0.8299,0.810889939637056,3.38426122787671,5
"57",9,1.8544233600395,2.21993729322804,0.23,0.375066118240357,0.407570699576081,0.9626,1.0260623700096,1.10410838392596,0.7936,0.367765107772968,0.419827971688193,0.9509,0.7441620138889,0.944880793941035,0.7887,0.855310641497953,2.65782723629607,5
"58",10,1.70233832047318,2.10710701656278,0.2862,0.356848802566528,0.418940187954201,0.9633,0.869308407439228,1.01686318395681,0.8654,0.34902002479869,0.384765269790985,0.9569,0.598005847222242,0.763676709248547,0.879,0.872156030192202,2.13768672052611,5
"59",11,1.89312797704042,2.29864200741256,0.2053,0.447448047002156,0.506851970449345,0.9464,1.05121947372577,1.24520742990997,0.762,0.436731992427255,0.510539908219356,0.9409,0.767280666666674,0.885769376938922,0.8473,0.873902868911344,2.22920826195478,5
"60",12,2.12310723302541,2.54395184440101,0.1643,0.541531505584718,0.672356145668016,0.9182,1.21567677575694,1.44174526196969,0.6845,0.645360759080935,0.762238467760247,0.8923,0.930221754166653,1.09326225782665,0.8118,0.889036449589902,2.20260044664568,5
"61",1,2.83612868515858,3.17109663861477,0.3858,0.480406414213635,0.557344655515933,0.9801,1.66516743170414,2.34135123691625,0.6207,0.270537584363537,0.291986611148054,0.9945,0.738234153968247,0.947751106156292,0.9699,0.862960159002708,2.79883366012666,6
"62",2,2.85070148809261,3.17300752019559,0.4142,0.411939134143649,0.454530699935727,0.9878,1.67248178484832,2.35822062500558,0.6329,1.24586339696175,1.71570077038822,0.8955,0.877936857142853,1.05803314276582,0.9699,0.810181228435627,4.0937709425398,6
"63",3,3.18508187059058,3.47188920580802,0.3745,0.730844737461635,0.948871258028516,0.9601,2.1170291614464,2.8273526203669,0.5408,0.796953618562514,0.967077340294005,0.9671,1.18906381904761,1.33778789914874,0.9394,0.849707305348186,3.31484202609152,6
"64",4,2.90466570955808,3.26075845419515,0.3363,0.551872823806036,0.695497297558991,0.97,2.1719696386606,2.8384392636148,0.4519,0.383737013686832,0.491292562061876,0.983,0.874052777777775,1.15058646464592,0.9462,0.835639964994801,3.51128353735862,6
"65",5,3.07586238230586,3.42197462078193,0.1897,1.34493790036156,2.3412438974123,0.6618,2.91468663047671,3.52555944450929,0.1772,1.26346832419261,2.6731826074778,0.5615,1.48817284126985,2.27823774507233,0.7182,0.870396693576998,2.28868788779004,6
"66",6,2.87802838025282,3.27245309151773,0.2582,0.606547510056269,0.705664650908665,0.9643,2.17105129856788,2.71177127854912,0.4021,0.315643227292707,0.350717675566025,0.989,0.971331006349211,1.20050746484327,0.9116,0.870170478147248,2.16494089120711,6
"67",7,2.92840420040346,3.3214936083284,0.2494,0.685030750093007,0.76037221769453,0.9615,2.22847473484665,2.79232853630487,0.383,0.420199891265684,0.488554622627469,0.9799,0.895818679999996,1.1427746852695,0.9217,0.855293513363512,2.57775598582344,6
"68",8,2.63970659820555,3.03683934990167,0.3032,0.645702296665737,0.833961663159806,0.9693,1.63511554817867,2.10406311658572,0.7088,0.72669367470049,1.10711750979496,0.8933,1.12532233333335,1.35257942368556,0.9076,0.798099541351176,3.48048797961644,6
"69",9,3.07746072211254,3.49376794350644,0.2282,0.609746126447405,0.750622981165896,0.961,2.40195261047467,3.06400698674409,0.3385,0.389026266076938,0.512554252848637,0.9821,0.975205253968263,1.2013846245195,0.912,0.835869402023638,2.8891016390799,6
"70",10,2.99186262781682,3.37739980632192,0.2414,0.671591742379324,0.843741891494684,0.9513,2.31786351921509,2.81145713098911,0.3876,0.367499641007531,0.445324685030906,0.9862,1.07949058730158,1.37875552316895,0.8857,0.873122173039388,2.02802028359724,6
"71",11,2.8734150037458,3.27363367022934,0.258,0.635916239420572,0.707026418918827,0.9604,2.19000237316801,2.79468152482067,0.3821,0.365735875682329,0.41412243330438,0.9844,1.02955242857143,1.23427713733212,0.8938,0.871707932069205,2.19422784326896,6
"72",12,2.82259934695286,3.16450353720228,0.3504,0.429221692766462,0.504526472760065,0.981,2.07495820939172,2.64019649051534,0.4834,0.284825611364207,0.311286064837117,0.9921,0.687634295238106,0.934343173155461,0.9563,0.857588180034471,2.75918693416026,6
"73",1,0.957706473364752,1.0876454709471,0.9163,0.424133321974012,0.515053304793112,0.9606,0.840706691894939,1.20421430758562,0.9047,0.621847184467726,0.74302121109904,0.9188,0.83334791296296,0.943547294327037,0.8542,0.875302277309417,2.62418984023294,7
"74",2,0.942795541203081,1.03653159863561,0.8987,0.430359208848741,0.523661579393863,0.9527,0.923750397913807,1.2293182553677,0.8638,0.804324780855851,0.948164662319826,0.841,0.703350351851861,0.773053406385368,0.8922,0.81887838438659,4.04196702929471,7
"75",3,0.874900224996622,0.928730824712245,0.8957,0.498430958218044,0.575519795314245,0.9361,0.799816573943782,1.02310660327402,0.9026,0.436812939177805,0.465858465592039,0.964,0.812584962962963,1.10099735850319,0.8246,0.845706411804654,3.54651221800339,7
"76",4,0.864114904044552,0.890217166541897,0.9002,0.628684569464789,0.84245973220888,0.8937,1.16375699123613,1.27795049881145,0.7737,0.447772194157764,0.479859118085589,0.9595,0.781519537037033,1.12959403018804,0.827,0.850349288730552,3.29828050387512,7
"77",5,0.980565248640431,1.03061326629204,0.928,0.493982370164658,0.559629642587371,0.9411,1.36376552550789,1.59918557550345,0.568,0.521675955918031,0.598674590743656,0.9367,0.662090518518511,0.755331841691515,0.8999,0.843760376971606,2.8650366148851,7
"78",6,1.00009531119665,1.05445422506809,0.9371,0.368402417500813,0.42807690359746,0.9724,1.28214004201588,1.48042282992282,0.6558,0.600753352235574,0.671189463467892,0.9216,0.435460788888883,0.471918886763353,0.9604,0.874601507328837,2.16104579365177,7
"79",7,0.945178658263692,0.984817357373377,0.9363,0.407347111172146,0.474601956386167,0.9559,1.2936312959296,1.51604806375425,0.5999,0.592752356019843,0.63587921107073,0.9226,0.499584124629623,0.551356576476912,0.9447,0.862223523791858,2.53439662504473,7
"80",8,0.73683355046552,0.779187510404005,0.9191,0.445015568203396,0.492252681113058,0.9579,1.08651331261929,1.39632754502147,0.5786,1.2813694947741,2.00883984095493,0.7856,0.44768707407407,0.499425176044997,0.9647,0.805109902307664,3.48616055845069,7
"81",9,1.01199700628299,1.14720336062342,0.9585,0.479658766852485,0.541960928605197,0.9629,1.27941380957524,1.46277451559326,0.7769,0.681279317296808,0.761618816734777,0.9122,0.487895166666664,0.577081498384375,0.9551,0.847868354516468,2.76817626688543,7
"82",10,1.02147916583833,1.12158776883699,0.951,0.419347165425618,0.479661573814245,0.9689,1.34748043596225,1.61502777598206,0.6044,0.660967575537857,0.759755070484814,0.9083,0.445431092592595,0.509011541212262,0.9608,0.877899958937902,2.02539135100403,7
"83",11,0.924349815430403,0.988737923456966,0.9449,0.358574752807618,0.391903694462735,0.9726,1.25013515231849,1.45705702811621,0.6803,0.706469637060246,0.791190993781557,0.8849,0.534682166666673,0.584165044693762,0.9413,0.874240577452429,2.2215004977755,7
"84",12,0.936358733972175,1.01787592801816,0.9246,0.363378893534343,0.452915601872371,0.9668,1.28115225735445,1.39349041024205,0.7837,0.555856216865478,0.628155864295529,0.9368,0.655685441666674,0.820673507321396,0.891,0.880041448683151,2.39345167969221,7
"85",1,0.635627475102603,0.849307133958864,0.9174,0.68113771711077,1.1797702742063,0.9037,0.41633582801097,0.495656040516458,0.9769,0.53657514398743,0.836368240893476,0.9525,1.07780669206348,1.7455987922028,0.7861,0.887735698311548,2.35310096959336,8
"86",2,0.644773368051411,0.890301925353169,0.917,0.722207412719728,1.26197927189034,0.8853,0.396109151533826,0.480381833312814,0.9819,0.658006447723492,0.969341543114345,0.914,0.99339450793652,1.6934063226455,0.8011,0.823177800349698,3.9209030569009,8
"87",3,0.672025985007176,0.886085841453557,0.9145,0.764840621948242,1.27425345301026,0.8687,0.368030396937489,0.503047139329885,0.9844,0.424731453632002,0.83127648446486,0.9453,1.11882998730161,1.86901303494605,0.7002,0.858811197231946,3.22121874943924,8
"88",4,0.608781233085103,0.868958860833043,0.905,0.741817438034784,1.23325872499524,0.8725,0.369605326289912,0.498725168434956,0.9821,0.493847153353994,0.837835956594698,0.9448,1.11700414285715,1.82516732877358,0.7164,0.837243436570848,3.56409298454383,8
"89",5,0.54239272463032,0.791229505966798,0.8961,0.636918603806269,1.0204133569053,0.9027,0.496052527848171,0.563694450744713,0.9535,0.502420381522931,0.914006355892979,0.908,1.00710074603174,1.54150112036255,0.7189,0.848613271124883,2.78424529553344,8
"90",6,0.538993647352423,0.772825189152693,0.897,0.654093606858026,0.95800272332319,0.9224,0.50141088284008,0.575495576350754,0.9521,0.617479358817407,0.904909730508572,0.9157,1.10503006349206,1.52574574717535,0.7898,0.884317379707522,2.00275599001574,8
"91",7,0.763862366642886,1.06495657413186,0.8885,0.711325825282506,1.05000187505712,0.9047,0.637115857722909,0.783457244892795,0.9385,0.868032480580226,1.14406828704702,0.9262,1.06848215571429,1.57037450026269,0.7824,0.87895685105763,2.22854044324655,8
"92",8,0.50954327449947,0.765380546112466,0.8988,0.760351893107096,1.21115596172501,0.8677,0.386740023222106,0.432615739606886,0.9832,1.29679387711146,1.58738612083548,0.7206,1.14732577777778,1.66591102453367,0.7338,0.813291999443816,3.32604779485142,8
"93",9,0.545277838631837,0.782057135587552,0.8902,0.600526573544457,0.924572720981858,0.9197,0.56240112465091,0.653371426992375,0.9548,0.551485180745986,0.94197095275666,0.8798,1.01791214285714,1.45182318076278,0.7872,0.853144421439184,2.70054963752296,8
"94",10,0.532988122958977,0.772037583652307,0.8909,0.632481362479073,0.951228934682641,0.9161,0.505936072483323,0.578144257492721,0.9483,0.58430856872794,0.914576330799368,0.9001,1.03316026984128,1.43391828710812,0.814,0.889097880569148,1.85380149493487,8
"95",11,0.543543443061639,0.757864789223438,0.9057,0.620775208246139,0.970802807647628,0.9182,0.429507248993982,0.522616950636381,0.967,0.55142664563086,0.863511717897093,0.9203,1.06420917460317,1.53065222623377,0.7968,0.882881414506832,2.07337767547255,8
"96",12,0.59238339571092,0.811775717604863,0.9153,0.657619781494141,1.10324435302366,0.911,0.429200446820006,0.534628163357557,0.9727,0.600168439991085,0.8692579698092,0.9483,1.02433359523811,1.60056546146682,0.8073,0.88127659281372,2.36331283956277,8
"97",1,1.49161629092023,2.01575147498156,0.534,0.438565724690755,0.742332795295775,0.946,0.615760332042279,0.748896673198163,0.9696,0.622983684291465,0.769557230315553,0.9412,0.818646217460327,0.906965688277277,0.9209,0.863288687988838,2.82151487438242,9
"98",2,1.71804012455668,2.18242941474317,0.5119,0.87216411408924,1.32835620167977,0.8722,1.0435082984578,1.24394995763846,0.8558,0.762657766189845,0.924326846283739,0.9411,1.2559230952381,1.50631800464641,0.7884,0.809475253180515,4.13666956646865,9
"99",3,2.01451366682582,2.55424642852743,0.5977,0.993838758922759,1.49310740383039,0.8961,1.23639629671172,1.69827990735087,0.8964,0.899450996807183,1.43605384298971,0.8846,1.36645514285715,1.79153629732359,0.8333,0.844376391312802,3.36880134684816,9
"100",4,1.51050736954378,2.22032687297868,0.5268,0.670034423101515,1.00374219105178,0.9038,0.791971213604424,1.07918345273553,0.9104,0.810882768187253,1.07637626049655,0.9289,0.754739301587311,0.925250774203795,0.9414,0.819267953498827,3.84783456993003,9
"101",5,1.80756644585056,2.33472048263666,0.5278,0.664112606956845,0.816465480733742,0.969,1.157133245404,1.29162589179808,0.9505,0.808611749586051,1.0935869133689,0.9236,1.06094166666668,1.25415929763447,0.9092,0.830668421547075,2.97534955514675,9
"102",6,1.61173331154093,2.29611404980345,0.4045,0.428348628452846,0.586506812177725,0.9735,0.845724592717213,1.07848725393913,0.9161,0.410410761557693,0.445031354626949,0.9798,0.617993266666657,0.963747076472182,0.9528,0.856997768572615,2.40744019545044,9
"103",7,1.67905919644291,2.28014411161722,0.4762,0.491769710722423,0.650859441558789,0.968,1.00751403549678,1.18245709951465,0.935,0.477511318646615,0.561412543282436,0.9746,0.693420581111113,0.955970990832198,0.9572,0.852249520284625,2.63404246751507,9
"104",8,1.65126197382394,2.26856971529297,0.478,0.54509748186384,0.834253144289117,0.9677,0.916207158277096,1.12139040769231,0.9449,0.611482865372201,0.775496085418676,0.9595,0.646471142857152,0.945127324778577,0.9669,0.770703869713551,3.96088505325261,9
"105",9,1.6501104732735,2.31384768873126,0.4442,0.324007368541899,0.43320852659855,0.9907,0.987695942417831,1.24799929205176,0.9055,0.330902444010006,0.400831873546943,0.9904,0.544163888888883,0.762510378107059,0.983,0.831599033075233,2.99647464259465,9
"106",10,1.60094915052989,2.27723520173601,0.4404,0.352008652460007,0.611535125225738,0.9846,0.843517005087387,1.04759220399676,0.9369,0.355090304941213,0.441132760973244,0.9846,0.596202047619043,0.9678283534528,0.9676,0.845682568849673,2.49947230999887,9
"107",11,1.5818594349965,2.21909521644692,0.4635,0.38637806120373,0.560071818941104,0.9838,0.79758670379844,0.967701089870254,0.9543,0.552228180484618,0.644029229493071,0.9637,0.632534317460321,0.910544701444684,0.9669,0.869005829779916,2.25599902063532,9
"108",12,1.55967871463479,2.14468745825003,0.4915,0.470016686575754,0.650560087073033,0.9602,0.699376618133343,0.857391895310057,0.963,0.712263795185409,0.829427470226503,0.937,0.731742304761899,0.89895217194429,0.9438,0.867742359848649,2.58132586567375,9
"109",1,0.817020536232924,1.07275657039686,0.9837,0.51590797106425,0.599176600236194,0.9746,0.597031335621571,0.750229552376525,0.995,0.395147431989485,0.481396156799985,0.9847,1.12712407638888,1.21567738447704,0.8964,0.871491802200097,2.60536230045957,10
"110",2,1.4521360960653,2.00549324036724,0.8838,0.702884359359742,0.796605263788288,0.9549,1.29430249475447,2.12244632228361,0.7802,1.14462074860662,2.00242496596985,0.7579,1.61433695833334,2.16607156858529,0.6979,0.838857609357709,3.43531857584697,10
"111",3,0.862953810962504,1.24273799342349,0.9824,0.737268012364705,0.888845861207313,0.9586,0.513161483030811,0.672041496443669,0.9914,0.692813617779268,0.845221724402571,0.9537,1.02317460277778,1.20618028727334,0.8903,0.841706606166977,3.47911317566246,10
"112",4,0.901802077378334,1.1949808811539,0.9739,0.511735124588013,0.551271741370816,0.9822,0.720315232226441,0.846048371721137,0.9899,0.598998631483938,0.735849878763445,0.9548,1.08865845833335,1.32454056344832,0.8549,0.83167047029854,3.57210804902672,10
"113",5,0.830623146484101,1.00420495093439,0.9434,0.578814665476481,0.727872350276144,0.9464,0.656848130936941,0.738066473645558,0.9546,0.543176920137934,0.656164460510871,0.9358,0.869986166666668,0.989062520602862,0.8708,0.833665819620898,2.99144699376655,10
"114",6,0.603909169404952,0.809241496498361,0.9894,0.367573162714641,0.484789453634885,0.978,0.441631561011333,0.536644299303609,0.9936,0.429520407691035,0.492053892812348,0.9792,0.888724605555538,1.02813631362814,0.8692,0.874887254870017,2.11773650264023,10
"115",7,0.909949871171901,1.24308273785305,0.918,0.596814016596475,0.896959867459639,0.9153,0.774583334604488,1.12065335665865,0.9138,0.706135780284777,1.00037777413485,0.9395,1.19178112499999,1.44535859976372,0.8108,0.86762117471501,2.33819609013913,10
"116",8,0.647713428372313,0.830355241437858,0.9881,0.341950604120891,0.439927930519921,0.9814,0.473326504226356,0.545124944759952,0.9939,0.492421582246092,0.656380544689141,0.9321,0.807426611111087,0.9086922087902,0.8907,0.799297626797095,3.52048699803496,10
"117",9,0.811597847309871,1.13277208439331,0.9839,0.510488885243734,0.70855195611106,0.9672,0.626090143966386,0.833730273401257,0.9941,0.625007325899285,0.684207407522027,0.9487,0.947800124999997,1.1140292634478,0.8413,0.856816279324075,2.57548906132048,10
"118",10,0.573975048468664,0.748677731665707,0.9875,0.338137950897217,0.417915767228706,0.9794,0.37921286718213,0.462779798683148,0.9941,0.36558992273108,0.415204343285007,0.9816,0.842300625000009,1.01670444679478,0.8513,0.86706513693993,2.18200255886912,10
"119",11,0.642268298155131,0.845811919785224,0.9829,0.430402507781983,0.514245199579995,0.9718,0.488177996407975,0.584016764838044,0.9875,0.29844465323258,0.370552822822197,0.9811,0.92823475,1.04439186569703,0.8641,0.864850194260342,2.34307407405595,10
"120",12,0.80567625060868,1.08919197915903,0.9775,0.528520641326904,0.603456232008638,0.9673,0.657446140789203,0.802147377903777,0.9839,0.421978846522062,0.483842798645844,0.9754,0.901815793749994,1.03795891036148,0.8953,0.870561550303951,2.50565818509421,10
